"Timestamp","How do you like the texture of the rice?","How do you like the taste of the rice?","How do you like the texture of the core in the main roll?","How do you like the taste of the core in the main roll?","How is the temperature of the main roll?","How do you like the main roll with the soy sauce?","How do you like the texture of the core in the dessert roll?","How do you like the taste of the core in the dessert roll?","How do you like the taste of the core in the dessert roll?","How is the temperature of the dessert roll?","How do you like the side snack?","How well do you think the separate items go together to make one on-the-go meal?","How is the temperature of the side snack?","How likely would you be to buy this box?","How much would you pay for this box?","What improvements or suggestions do you have for Group 6?"
"2016/11/28 7:53:49 PM GMT","8","9","9","7","It's fine as it is.","9","8","9","9","It's fine as it is.","8","8","It's fine as it is.","7","$5",""
"2016/11/28 7:55:45 PM GMT","8","7","7","8","It's fine as it is.","8","6","6","8","I would prefer it to be cooler.","7","9","It's fine as it is.","7","$6",""
"2016/11/28 7:56:55 PM GMT","8","8","7","9","It's fine as it is.","10","9","10","10","It's fine as it is.","6","7","It's fine as it is.","7","$4",""
"2016/11/28 7:58:37 PM GMT","10","10","8","10","It's fine as it is.","10","9","6","6","It's fine as it is.","4","7","It's fine as it is.","8","$7","Its good shit
"
"2016/11/28 7:59:54 PM GMT","8","7","6","5","I would prefer it to be cooler.","7","7","8","8","It's fine as it is.","7","5","It's fine as it is.","4","$4","More flavor in the main roll"
"2016/11/28 8:00:19 PM GMT","8","7","7","9","It's fine as it is.","10","9","9","9","I would prefer it to be warmer.","8","7","It's fine as it is.","7","5 dollars","For the dessert roll maybe add something to make it slightly sweeter like a caramel drizzle or something like that. Maybe heating it up and having it with ice cream would help too. "
"2016/11/28 8:02:07 PM GMT","10","10","9","7","I would prefer it to be warmer.","4","10","9","8","It's fine as it is.","10","5","It's fine as it is.","7","$3","I think you can add a little more hummus in the main roll because I mostly taste the rice and kale. I think with a little more hummus, it can add a lot more flavor to the main roll. "
"2016/11/28 8:05:40 PM GMT","9","9","5","7","It's fine as it is.","8","8","9","9","It's fine as it is.","9","5","It's fine as it is.","5","5","the rice is kind of weird with the peanut butter, the taste doesn't really go together, but it works really well with the main roll. "
"2016/11/28 8:09:17 PM GMT","8","8","7","7","I would prefer it to be warmer.","8","6","6","7","I would prefer it to be warmer.","7","7","It's fine as it is.","7","14","Dessert roll is a little bland in comparison, but still a nice overall taste."
"2016/11/28 8:09:45 PM GMT","8","5","9","10","It's fine as it is.","5","3","4","8","I would prefer it to be cooler.","8","3","I would prefer it to be cooler.","4","$5","The peanut butter is overpowering, I would use something different for the desert role, but it was still very good."